{
  "version": 1,
  "author": "KK",
  "editor": "wokwi",
  "parts": [
    { "type": "wokwi-esp32-devkit-v1", "id": "esp", "top": -100.9, "left": 235, "attrs": {} },
    { "type": "wokwi-dht22", "id": "dht1", "top": -105.3, "left": 129, "attrs": {} },
    { "type": "wokwi-potentiometer", "id": "pot1", "top": -97.3, "left": -125, "attrs": {} },
    { "type": "wokwi-photoresistor-sensor", "id": "ldr1", "top": 99.2, "left": 48.8, "attrs": {} },
    { "type": "wokwi-potentiometer", "id": "pot2", "top": -126.1, "left": 9.4, "attrs": {} },
    { "type": "wokwi-potentiometer", "id": "pot3", "top": -1.3, "left": -125, "attrs": {} },
    { "type": "wokwi-potentiometer", "id": "pot4", "top": -1.3, "left": 19, "attrs": {} },
    {
      "type": "wokwi-resistor",
      "id": "r1",
      "top": 71.15,
      "left": 124.8,
      "attrs": { "value": "10000" }
    }
  ],
  "connections": [
    [ "esp:TX0", "$serialMonitor:RX", "", [] ],
    [ "esp:RX0", "$serialMonitor:TX", "", [] ],
    [ "r3:1", "led4:A", "green", [ "v0" ] ],
    [ "led4:C", "esp:GND.1", "green", [ "v138.64", "h-88.39", "v102.35", "h600.84", "v-182.05" ] ],
    [ "r3:2", "esp:D2", "green", [ "v99.14", "h278.51", "v-37.5" ] ],
    [ "dht1:SDA", "esp:D4", "green", [ "v0" ] ],
    [ "dht1:VCC", "esp:3V3", "red", [ "v0" ] ],
    [ "dht1:GND", "esp:GND.2", "black", [ "v0" ] ],
    [ "ldr1:AO", "r1:1", "green", [ "h0" ] ],
    [ "r1:2", "esp:GND.2", "green", [ "v0" ] ],
    [ "ldr1:VCC", "esp:3V3", "red", [ "h0" ] ],
    [ "pot1:GND", "esp:GND.2", "black", [ "v0" ] ],
    [ "pot1:VCC", "esp:3V3", "red", [ "v0" ] ],
    [ "pot1:SIG", "esp:D34", "green", [ "v0" ] ],
    [ "pot2:SIG", "esp:D32", "green", [ "v0" ] ],
    [ "pot3:SIG", "esp:D33", "green", [ "v0" ] ],
    [ "pot4:SIG", "esp:D35", "green", [ "v0" ] ],
    [ "pot2:GND", "esp:GND.2", "black", [ "v0" ] ],
    [ "pot2:VCC", "esp:3V3", "red", [ "v0" ] ],
    [ "pot3:GND", "esp:GND.2", "black", [ "v0" ] ],
    [ "pot3:VCC", "esp:3V3", "red", [ "v0" ] ],
    [ "pot4:GND", "esp:GND.2", "black", [ "v0" ] ],
    [ "pot4:VCC", "esp:3V3", "red", [ "v0" ] ]
  ],
  "dependencies": {}
}