{
  "version": 1,
  "author": "34 Saniya Wanjari",
  "editor": "wokwi",
  "parts": [
    { "type": "board-esp32-devkit-c-v4", "id": "esp", "top": -76.8, "left": 244.84, "attrs": {} },
    { "type": "wokwi-dht22", "id": "dht1", "top": -134.1, "left": 100.2, "attrs": {} },
    {
      "type": "wokwi-resistor",
      "id": "r2",
      "top": 32.75,
      "left": 163.2,
      "attrs": { "value": "10000" }
    },
    { "type": "wokwi-potentiometer", "id": "pot1", "top": 123.5, "left": -134.6, "attrs": {} },
    { "type": "wokwi-potentiometer", "id": "pot2", "top": -1.3, "left": -134.6, "attrs": {} },
    { "type": "wokwi-potentiometer", "id": "pot3", "top": -126.1, "left": -134.6, "attrs": {} },
    {
      "type": "wokwi-resistor",
      "id": "r1",
      "top": 138.35,
      "left": 96,
      "attrs": { "value": "10000" }
    },
    {
      "type": "wokwi-photoresistor-sensor",
      "id": "ldr1",
      "top": 156.8,
      "left": 29.6,
      "attrs": {}
    }
  ],
  "connections": [
    [ "esp:TX", "$serialMonitor:RX", "", [] ],
    [ "esp:RX", "$serialMonitor:TX", "", [] ],
    [ "r2:2", "esp:4", "green", [ "v0" ] ],
    [ "r2:1", "esp:3V3", "green", [ "v0" ] ],
    [ "dht1:SDA", "esp:4", "green", [ "v0" ] ],
    [ "dht1:GND", "esp:GND.1", "black", [ "v0" ] ],
    [ "dht1:VCC", "esp:3V3", "red", [ "v0" ] ],
    [ "pot3:VCC", "esp:3V3", "red", [ "v0" ] ],
    [ "pot2:VCC", "esp:3V3", "red", [ "v0" ] ],
    [ "pot1:VCC", "esp:3V3", "red", [ "v0" ] ],
    [ "pot3:GND", "esp:GND.1", "black", [ "v0" ] ],
    [ "pot2:GND", "esp:GND.1", "black", [ "v0" ] ],
    [ "pot1:GND", "esp:GND.1", "black", [ "v0" ] ],
    [ "pot1:SIG", "esp:VP", "green", [ "v0" ] ],
    [ "pot2:SIG", "esp:VN", "green", [ "v0" ] ],
    [ "pot3:SIG", "esp:32", "green", [ "v0" ] ],
    [ "ldr1:AO", "esp:35", "green", [ "h0" ] ],
    [ "ldr1:DO", "esp:33", "green", [ "h0" ] ],
    [ "ldr1:GND", "esp:GND.1", "black", [ "h0" ] ],
    [ "ldr1:VCC", "esp:3V3", "red", [ "h0" ] ]
  ],
  "dependencies": {}
}