{
  "version": 1,
  "author": "34 Saniya Wanjari",
  "editor": "wokwi",
  "parts": [
    { "type": "board-esp32-devkit-c-v4", "id": "esp", "top": 0, "left": -4.76, "attrs": {} },
    { "type": "wokwi-dht22", "id": "dht1", "top": 0.3, "left": -130.2, "attrs": {} },
    { "type": "board-ds18b20", "id": "temp2", "top": 133.27, "left": -53.52, "attrs": {} },
    {
      "type": "wokwi-resistor",
      "id": "r1",
      "top": 80.75,
      "left": -67.2,
      "attrs": { "value": "4700" }
    }
  ],
  "connections": [
    [ "esp:TX", "$serialMonitor:RX", "", [] ],
    [ "esp:RX", "$serialMonitor:TX", "", [] ],
    [ "temp2:VCC", "esp:5V", "red", [ "v0" ] ],
    [ "temp2:GND", "esp:GND.1", "black", [ "v0" ] ],
    [ "esp:4", "temp2:DQ", "green", [ "h0" ] ],
    [ "temp2:VCC", "r1:2", "red", [ "v0" ] ],
    [ "r1:1", "esp:4", "green", [ "v0" ] ],
    [ "dht1:VCC", "esp:5V", "red", [ "v0" ] ],
    [ "dht1:GND", "esp:GND.1", "black", [ "v0" ] ],
    [ "dht1:SDA", "esp:21", "green", [ "v0" ] ]
  ],
  "dependencies": {}
}